id,name,email,mobile,age
1,Michael,Amber@Marissa.com,9324513586,22
2,Stout,Bobbie@Lynnette.biz,9774053861,19
3,Jillian,Kerr@Lott.us,9964442715,24
4,Aurelia,Ava@Michelle.org,9475152149,23
5,Stefanie,Trujillo@Snyder.ca,8665312580,19
6,Bowers,Penny@Dickerson.io,9685583717,22
7,Frye,Mayer@Spence.info,8445792377,24
8,Kathleen,Patterson@Barton.tv,9675572319,20
9,Elena,Martha@Collins.net,8765573383,25
10,Woodard,Erica@Bettye.co.uk,9164682473,22
11,Sherry,Brittney@Bush.name,8875112146,20
12,Macdonald,Adela@Dale.biz,9435862610,20
13,Cash,Kay@Lorene.com,8135632266,22
14,Horn,Marcie@Douglas.biz,8055823091,19
15,Dionne,Swanson@Elisabeth.us,9105913774,20
16,Nona,Maricela@Leona.org,9765702551,18
17,Taylor,Eddie@Liz.ca,9754572786,18
18,Brady,Charles@Greer.io,9535923495,20
19,Krystal,Bender@Watts.info,9085342435,18
20,Mays,Sullivan@Hughes.tv,8354802742,24
21,Gwendolyn,Dodson@Faulkner.net,8884772919,22
22,Jill,Long@Rodriquez.co.uk,8875633319,24
23,Rush,Chavez@Pollard.name,9745842843,22
24,Kitty,Lori@Shelia.biz,9996003598,24
25,Avery,Walker@Sue.com,8855153535,19
26,Joni,Katheryn@Brennan.biz,8624962596,19
27,Reva,Yates@Simon.us,9005233389,20
28,Ryan,Cameron@Angel.org,8655062181,22
29,Frederick,Lara@Edwards.ca,9964732269,18
30,Page,Joyner@Miller.io,8125792734,25
31,Hale,Consuelo@Allen.info,8505893384,21
32,Potts,William@Gillespie.tv,9534713089,23
33,Coleen,Esmeralda@Traci.net,8064472682,22
34,Marion,Casey@Tracy.co.uk,8995292381,22
35,Trudy,Rivera@Miriam.name,9274502396,20
36,Morse,Noreen@Carmen.biz,8085683885,24
37,Audrey,Letitia@Rich.com,9874972900,24
38,Christian,Lidia@Dixon.biz,8365163319,21
39,Savannah,Langley@Guadalupe.us,9954202107,20
40,Alexandra,Johnnie@Alford.org,8954992949,18
41,Austin,Warner@Lester.ca,9184463215,22
42,Carpenter,Betsy@Kelli.io,9825442828,18
43,Dina,Danielle@Barry.info,8884893610,23
44,Watson,Ann@Hines.tv,8395883885,23
45,Noel,Annmarie@Michele.net,8384552829,22
46,Janette,Jennie@Barnes.co.uk,8925373416,23
47,Reid,Twila@Jenkins.name,9294173304,23
48,Melissa,Perez@Villarreal.biz,8655942370,18
49,Davis,June@Morrow.com,9695503979,18
50,Salazar,Catherine@Cortez.biz,9424112791,22
51,Charlene,Bishop@Kent.us,8115553641,22
52,Clay,Enid@Colon.org,8095512396,18
53,Thomas,Rachael@Marsha.ca,8915362429,25
54,Debbie,Newton@Bolton.io,9505962925,24
55,Blair,Stella@Hartman.info,9854882410,22
56,Jarvis,Jennifer@Christi.tv,9485942085,24
57,Perry,Farmer@Tamra.net,8834922062,19
58,Bridgett,Fletcher@Margret.co.uk,9025352500,23
59,Griffith,Susanne@Cobb.name,9404782670,24
60,Eunice,Wells@Slater.biz,9155593443,18
61,Lorena,Duke@Vincent.com,9105893970,22
62,Gena,Malone@Ware.biz,9505212755,20
63,Nanette,Kathrine@Yang.us,9055493925,20
64,Abbott,Puckett@Janice.org,8125342502,22
65,Randolph,Skinner@Gabriela.ca,9694422981,21
66,Bauer,Serena@Courtney.io,8655582725,18
67,Prabhat,prabhat@gmail.com,1234567890,25
